country,1,
BreitbartNews,0.8997818551923858,
CNN,0.9117818407491864,
FoxNews,0.7938657799746105,
nytimes,0.9144062024191605,
seanhannity,0.9415028612645331,
washingtonpost,0.9832641305657736,
