country,1,2,3,4,5,6,
BreitbartNews,0.5328427608592838,0.7973332840011771,0.6295388055927841,0.7802463720260908,0.6814075379936941,0.9133831049900278,
CNN,0.6631374991638145,0.5099042006753352,0.6376940157846774,0.7165676446313675,0.7607846557626133,0.9578204662712353,
FoxNews,0.8872108268705188,0.5933482907454803,0.8364572429907832,0.6605562877010622,0.8352556230092133,0.8455281793274728,
nytimes,0.678471304633671,0.40141284296549196,0.6269365364183243,0.8657020625172529,0.9515703189721829,0.9751200236257092,
seanhannity,0.43261955293997545,0.7764975314009814,0.6322342476254553,0.9656174018443588,0.9411561291627654,0.9247146964792053,
washingtonpost,0.6773376971989834,0.9176211596872612,0.753315674053435,0.8957985781609582,0.8208521271807571,0.9564065266180116,
