country,1,2,3,
BreitbartNews,0.9133831049900278,0.9135953334238034,0.037229018964871075,
CNN,0.9578204662712353,0.946886859003919,0.1517330898445055,
FoxNews,0.8455281793274728,0.9576825274053177,0.19300198721649786,
nytimes,0.9751200236257092,0.8883971998783868,0.028419864174343612,
seanhannity,0.9247146964792053,0.9409707915041239,0.12716701451561452,
washingtonpost,0.9564065266180116,0.9629183950794513,0.050980809643141556,
