country,1,2,3,
BreitbartNews,0.487615200978724,0.6046167935246166,0.013780376444426867,
CNN,0.5153158317131147,0.5218897861810798,0.04694858726496476,
FoxNews,0.44503034460655333,0.5021006988550845,0.10456683910794284,
nytimes,0.5427144675416775,0.5289877656795345,0.008149522650149676,
seanhannity,0.5588343327524059,0.637848113138878,0.03373034699843669,
washingtonpost,0.5632715304650968,0.5348492149824146,0.026682272377061667,
