country,1,
BreitbartNews,0.666306183996622,
CNN,0.745574565600906,
FoxNews,0.6209232795270523,
nytimes,0.7369861919132289,
seanhannity,0.740905861860473,
washingtonpost,0.6949693751701598,
