country,1,2,3,4,5,6,
BreitbartNews,0.2924962107809437,0.4691035128897272,0.25664876595672814,0.3802366894093424,0.527477494188528,0.487615200978724,
CNN,0.4074041624751946,0.3270272516034616,0.21250892348178263,0.4185649182907387,0.4303125340636824,0.5153158317131147,
FoxNews,0.652561683184598,0.31948532449122335,0.2184965012133857,0.3937768808066886,0.5116254889103873,0.44503034460655333,
nytimes,0.41625106371204534,0.22548370772350812,0.28392995544172306,0.49929821292592114,0.5658131404329162,0.5427144675416775,
seanhannity,0.19999763300855267,0.4478617039420498,0.2833597263425587,0.43306608328135154,0.6531745244338488,0.5588343327524059,
washingtonpost,0.43104521644873706,0.6483943529603726,0.26715045119233305,0.5299532884906092,0.4368313758066642,0.5632715304650968,
