country,1,
BreitbartNews,0.8997818551923858,
CNN,0.9117818407491864,
democrat,0.9301467114105026,
FoxNews,0.7938657799746105,
NPR,0.8854768282633794,
nytimes,0.9144062024191605,
republican,0.9654105551630078,
seanhannity,0.9415028612645331,
