country,1,
BreitbartNews,0.666306183996622,
CNN,0.745574565600906,
FoxNews,0.6209232795270523,
NPR,0.7255874545679479,
nytimes,0.7369861919132289,
seanhannity,0.740905861860473,
