country,1,2,3,4,5,6,
BreitbartNews,0.5328427608592838,0.7973332840011771,0.6295388055927842,0.7802463720260908,0.6814075379936941,0.9133831049900278,
CNN,0.6631374991638144,0.509904200675335,0.6376940157846774,0.7165676446313676,0.7607846557626133,0.9578204662712353,
democrat,0.6948008321188237,0.9233307132919465,0.7867329447438391,0.8543187989569648,0.8673849354265479,0.975961356471681,
FoxNews,0.8872108268705188,0.5933482907454803,0.8364572429907832,0.6605562877010622,0.8352556230092133,0.8455281793274728,
nytimes,0.6784713046336708,0.40141284296549196,0.6269365364183241,0.8657020625172529,0.9515703189721829,0.9751200236257092,
republican,0.8521899489047514,0.9567852129038638,0.9305299955928543,0.7459358482406594,0.7096769180061486,0.9328058208065028,
seanhannity,0.43261955293997534,0.7764975314009814,0.6322342476254552,0.9656174018443588,0.9411561291627654,0.9247146964792053,
washingtonpost,0.6773376971989834,0.9176211596872612,0.753315674053435,0.8957985781609582,0.8208521271807571,0.9564065266180116,
