country,1,2,3,
BreitbartNews,0.9133831049900278,0.9135953334238035,0.03722901896487085,
CNN,0.9578204662712353,0.946886859003919,0.1517330898445054,
democrat,0.975961356471681,0.9450647812649609,0.07108518294724997,
FoxNews,0.8455281793274728,0.9576825274053177,0.19300198721649764,
nytimes,0.9751200236257092,0.8883971998783868,0.02841986417434339,
republican,0.9328058208065028,0.8744913108605347,0.12248900404593599,
seanhannity,0.9247146964792053,0.9409707915041239,0.1271670145156143,
washingtonpost,0.9564065266180116,0.9629183950794513,0.050980809643141445,
