country,1,2,3,4,5,6,
BreitbartNews,0.2924962107809437,0.4691035128897272,0.25664876595672814,0.3802366894093424,0.527477494188528,0.487615200978724,
CNN,0.4074041624751946,0.3270272516034616,0.21250892348178263,0.4185649182907387,0.4303125340636824,0.5153158317131147,
democrat,0.43990726665469904,0.6397750647484526,0.2968334016517409,0.5054941245800417,0.4735215848136739,0.6089335047488125,
FoxNews,0.652561683184598,0.31948532449122335,0.2184965012133857,0.3937768808066886,0.5116254889103873,0.44503034460655333,
nytimes,0.41625106371204534,0.22548370772350812,0.28392995544172306,0.49929821292592114,0.5658131404329162,0.5427144675416775,
republican,0.6042924193796333,0.6896769334819731,0.2530987726556334,0.4413265234270636,0.4574180121486464,0.5004756426997538,
seanhannity,0.19999763300855244,0.44786170394204994,0.2833597263425588,0.43306608328135154,0.6531745244338487,0.5588343327524059,
washingtonpost,0.4310452164487373,0.6483943529603728,0.2671504511923328,0.529953288490609,0.4368313758066642,0.5632715304650966,
