country,1,
BreitbartNews,0.666306183996622,
CNN,0.745574565600906,
democrat,0.7704105296598404,
FoxNews,0.6209232795270523,
nytimes,0.7369861919132289,
republican,0.6432668187821009,
seanhannity,0.7409058618604729,
washingtonpost,0.6949693751701597,
