country,1,2,3,
BreitbartNews,0.487615200978724,0.6046167935246166,0.013780376444426867,
CNN,0.5153158317131147,0.5218897861810798,0.04694858726496476,
democrat,0.6089335047488125,0.5600285138695572,0.03024330451582058,
FoxNews,0.44503034460655333,0.5021006988550845,0.10456683910794284,
nytimes,0.5427144675416775,0.5289877656795345,0.008149522650149676,
republican,0.5004756426997538,0.4751471732102668,0.059792178167639376,
seanhannity,0.5588343327524059,0.637848113138878,0.03373034699843669,
washingtonpost,0.5632715304650966,0.5348492149824147,0.02668227237706189,
